nombreCurso,descripcionCurso,numeroNiveles,categoria,dificultad
Fundamentos de Java,Aprende las bases de la programación orientada a objetos,3,Programación,básico
spring boot avanzado,Domina la creación de APIs profesionales,7,programacion,Avanzado
Arquitectura de Microservicios con Spring Cloud,Aprende a diseñar sistemas escalables,9,Programación,avanzado
Fundamentos de Java ,Aprende las bases de la programación orientada a objetos,5, Programación ,basico
Spring Boot Avanzado,,6,Programación,intermedio
Arquitectura de Microservicios con Spring Cloud,Aprende a diseñar sistemas escalables,15,Programación,avanzado
Fundamentos de Java,null,2,Programación,básico
Spring Boot Avanzado,Domina la creación de APIs profesionales,8,,avanzado
Arquitectura de Microservicios con Spring Cloud,Aprende a diseñar sistemas escalables,9,Programacion,avanzado
Fundamentos de Java,Aprende las bases de la programación orientada a objetos,-1,Programación,básico
Spring Boot Avanzado,Domina la creación de APIs profesionales,5,Programación,medio
Arquitectura de Microservicios con Spring Cloud,Aprende a diseñar sistemas escalables,,Programación,avanzado
Fundamentos de Java,Aprende las bases de la programación orientada a objetos,1,Programación,
Spring Boot Avanzado,Domina la creación de APIs profesionales,9,Programación,avanzado
Arquitectura Microservicios Spring Cloud,Aprende a diseñar sistemas escalables,8,Programación,avanzado
Fundamentos de Java,Aprende las bases de la programación orientada a objetos,6,Programación,INTERMEDIO
Spring Boot Avanzado,Domina la creación de APIs profesionales,4,Programación,intermedio
Arquitectura de Microservicios con Spring Cloud,null,10,Programación,avanzado
Fundamentos de Java,Aprende las bases de la programación orientada a objetos,3,Programación,básico
Spring Boot Avanzado,Domina la creación de APIs profesionales,7,Programación,avanzado
Arquitectura de Microservicios con Spring Cloud,Aprende a diseñar sistemas escalables,9,Programación,avanzado
Fundamentos Java,Aprende las bases de la programación orientada a objetos,2,Programación,básico
Spring Boot Avanzado,Domina la creación de APIs profesionales,6,Programación,intermedio
Arquitectura de Microservicios con Spring Cloud,Aprende a diseñar sistemas escalables,8,Programación,avanzado
Fundamentos de Java,Aprende las bases de la programación orientada a objetos,5,Programación,básico
Spring Boot Avanzado,Domina la creación de APIs profesionales,7,Programación,avanzado
Arquitectura de Microservicios con Spring Cloud,Aprende a diseñar sistemas escalables,10,Programación,avanzado
Fundamentos de Java,Aprende las bases de la programación orientada a objetos,4,Programación,básico
Spring Boot Avanzado,Domina la creación de APIs profesionales,5,Programación,intermedio
Arquitectura de Microservicios con Spring Cloud,Aprende a diseñar sistemas escalables,9,Programación,avanzado
Fundamentos de Java,Aprende las bases de la programación orientada a objetos,1,Programación,básico
Spring Boot Avanzado,Domina la creación de APIs profesionales,8,Programación,avanzado
Arquitectura de Microservicios con Spring Cloud,Aprende a diseñar sistemas escalables,7,Programación,avanzado
Fundamentos de Java,Aprende las bases de la programación orientada a objetos,6,Programación,intermedio
Spring Boot Avanzado,Domina la creación de APIs profesionales,4,Programación,intermedio
Arquitectura de Microservicios con Spring Cloud,Aprende a diseñar sistemas escalables,10,Programación,avanzado
Fundamentos de Java,Aprende las bases de la programación orientada a objetos,3,Programación,básico
Spring Boot Avanzado,Domina la creación de APIs profesionales,7,Programación,avanzado
Arquitectura de Microservicios con Spring Cloud,Aprende a diseñar sistemas escalables,9,Programación,avanzado
Fundamentos de Java,Aprende las bases de la programación orientada a objetos,2,Programación,básico
Spring Boot Avanzado,Domina la creación de APIs profesionales,6,Programación,intermedio
Arquitectura de Microservicios con Spring Cloud,Aprende a diseñar sistemas escalables,8,Programación,avanzado
Fundamentos de Java,Aprende las bases de la programación orientada a objetos,5,Programación,básico
Spring Boot Avanzado,Domina la creación de APIs profesionales,7,Programación,avanzado
Arquitectura de Microservicios con Spring Cloud,Aprende a diseñar sistemas escalables,10,Programación,avanzado
Fundamentos de Java,Aprende las bases de la programación orientada a objetos,4,Programación,básico
Spring Boot Avanzado,Domina la creación de APIs profesionales,5,Programación,intermedio
Arquitectura de Microservicios con Spring Cloud,Aprende a diseñar sistemas escalables,9,Programación,avanzado
Fundamentos de Java,Aprende las bases de la programación orientada a objetos,3,Programación,básico
Spring Boot Avanzado,Domina la creación de APIs profesionales,7,Programacion,Avanzado
Arquitectura de Microservicios con Spring Cloud,Aprende a diseñar sistemas escalables,,Programación,avanzado
Fundamentos de Java ,Aprende las bases de la programación orientada a objetos,0, Programación ,basico
Spring Boot Avanzado,,6,Programación,intermedio 
Arquitectura de Microservicios con Spring Cloud,Aprende a diseñar sistemas escalables,11,Programación,avanzado 
Fundamentos Java,Aprende las bases de la programación orientada a objetos,2,Programación,básico 
Spring Boot Avanzado,Domina la creación de APIs profesionales,8,,avanzado 
Arquitectura Microservicios Spring Cloud,Aprende a diseñar sistemas escalables,9,Programacion,avanzado 
Fundamentos de Java,Aprende las bases de la programación orientada a objetos,-3,Programación,básico 
Spring Boot avanzado,Domina la creación de APIs profesionales,5,Programación,medio 
Arquitectura de Microservicios con Spring Cloud,null,10,Programación,avanzado 
undamentos de Java,Aprende las bases de la programación orientada a objetos,1,Programación, 
Spring Boot Avanzado,Domina la creación de APIs profesionales,9,Programación,avanzado 
Arquitectura de Microservicios con Spring Cloud,Aprende a diseñar sistemas escalables,8,Programación,AVANZADO 
Fundamentos de Java,Aprende las bases de la programación orientada a objetos,6,Programación,INTERMEDIO 
Spring Boot Avanzado,Domina la creación de APIs profesionales,4,Programación,intermedio 
Arquitectura de Microservicios con Spring Cloud,Aprende a diseñar sistemas escalables,10,Programación,avanzado 
Fundamentos de Java,,3,Programación,básico 
Spring Boot Avanzado,Domina la creación de APIs profesionales,7,Programación,avanzado 
Arquitectura de Microservicios con Spring Cloud,Aprende a diseñar sistemas escalables,9,Programación,avanzado 
Fundamentos de Java,Aprende las bases de la programación orientada a objetos,2,Programación,básico 
Spring Boot Avanzado,Domina la creación de APIs profesionales,6,Programación,intermedio 
Arquitectura de Microservicios con Spring Cloud,Aprende a diseñar sistemas escalables,8,Programación,avanzado 
Fundamentos de Java,Aprende las bases de la programación orientada a objetos,5,Programación,básico 
Spring Boot Avanzado,Domina la creación de APIs profesionales,7,Programación,avanzado 
Arquitectura de Microservicios con Spring Cloud,Aprende a diseñar sistemas escalables,10,Programación,avanzado 
Fundamentos de Java,Aprende las bases de la programación orientada a objetos,4,Programación,básico 
Spring Boot Avanzado,Domina la creación de APIs profesionales,5,Programación,intermedio 
Arquitectura de Microservicios con Spring Cloud,Aprende a diseñar sistemas escalables,9,Programación,avanzado 
Fundamentos de Java,Aprende las bases de la programación orientada a objetos,1,Programación,básico 
Spring Boot Avanzado,Domina la creación de APIs profesionales,8,Programación,avanzado 
Arquitectura de Microservicios con Spring Cloud,Aprende a diseñar sistemas escalables,7,Programación,avanzado 
Fundamentos de Java,Aprende las bases de la programación orientada a objetos,6,Programación,intermedio 
Spring Boot Avanzado,Domina la creación de APIs profesionales,4,Programación,intermedio 
Arquitectura de Microservicios con Spring Cloud,Aprende a diseñar sistemas escalables,10,Programación,avanzado 
Fundamentos de Java,Aprende las bases de la programación orientada a objetos,3,Programación,básico 
Spring Boot Avanzado,Domina la creación de APIs profesionales,7,Programación,avanzado 
Arquitectura de Microservicios con Spring Cloud,Aprende a diseñar sistemas escalables,9,Programación,avanzado 
Fundamentos de Java,Aprende las bases de la programación orientada a objetos,2,Programación,básico 
Spring Boot Avanzado,Domina la creación de APIs profesionales,6,Programación,intermedio 
Arquitectura de Microservicios con Spring Cloud,Aprende a diseñar sistemas escalables,8,Programación,avanzado 
Fundamentos de Java,Aprende las bases de la programación orientada a objetos,5,Programación,básico 
Spring Boot Avanzado,Domina la creación de APIs profesionales,7,Programación,avanzado 
Arquitectura de Microservicios con Spring Cloud,Aprende a diseñar sistemas escalables,10,Programación,avanzado 
Fundamentos de Java,Aprende las bases de la programación orientada a objetos,4,Programación,básico 
Spring Boot Avanzado,Domina la creación de APIs profesionales,5,Programación,intermedio 
Arquitectura de Microservicios con Spring Cloud,Aprende a diseñar sistemas escalables,9,Programación,avanzado
Fundamentos de Java,Aprende las bases de la programación orientada a objetos,,Programación,básico
spring boot avanzado ,Domina la creación de APIs profesionales,12,programacion,Avanzado
Arquitectura de Microservicios con Spring Cloud,,-2, Programación ,intermedio
Fundamentos de Java, ,0,Programacion,medio