nombre,apellido,genero,edad,email,password,pais,departamento,ciudad
Juan,Perez,Masculino,15,juan.perez@gmail.com,123,Colombia,Antioquia,medellin
Maria,Lopez,Femenino,22,maria.lopezgmail.com,123,Colombia,Cundinamarca,bogota
Carlos,Ramirez,Masculino,-5,carlos@mail.com,123,Colombia,Valle,cali
Ana,,F,19,ana@mail.com,123,Colombia,Antioquia,medellin
Luis,Gomez,Masculino,200,luis@gmail,123,Colombia,Atlantico,barranquilla
Pedro,Martinez,Masculino,30,pedro@mail.com,123,Colombia,Bolivar,cartagena
Laura,Fernandez,Femenino,25,laura@mail.com,123,Colombia,Santander,bucaramanga
Andres,Torres,Masculino,17,andres@mailcom,123,Colombia,Meta,villavicencio
Sofia,Diaz,Femenino,16,sofia@mail.com,123,Colombia,Tolima,ibague
Miguel,Rojas,Masculino,40,miguel@mail.com,123,Colombia,Huila,neiva
Camila,Ruiz,Femenino,28,camila@mail.com,123,Colombia,Caldas,manizales
Jorge,Moreno,Masculino,35,jorge@mail,123,Colombia,Quindio,armenia
Valentina,Castro,F,21,valentina@mail.com,123,Colombia,Nariño,pasto
Daniel,Vargas,Masculino,18,daniel@mail.com,123,Colombia,Cesar,valledupar
Paula,Herrera,Femenino,27,paula.com,123,Colombia,Cordoba,monteria
Sergio,Ortega,Masculino,45,sergio@mail.com,123,Colombia,Sucre,sincelejo
Natalia,Mendez,Femenino,32,natalia@mail.com,123,Colombia,Boyaca,tunja
Oscar,Gil,Masculino,110,oscar@mail.com,123,Colombia,Guajira,riohacha
Lucia,Campos,Femenino,14,lucia@mail,123,Colombia,Amazonas,leticia
Diego,Silva,Masculino,50,diego@mail.com,123,Colombia,Caqueta,florencia
Alejandro,Pardo,Masculino,26,alejandro@mail.com,123,Colombia,Meta,villavicencio
Isabella,Rincon,Femenino,23,isabella@mail.com,123,Colombia,Meta,bogota
Felipe,,M,-3,felipe@mail.com,123,Colombia,Meta,cali
Mariana,Cortes,F,29,mariana@mail.com,123,Colombia,Meta,medellin
Ricardo,Suarez,Masculino,120,ricardo@mail.com,123,Colombia,Meta,bogota
Gabriela,Leon,Femenino,20,gabriela@mail.com,123,Colombia,Meta,cali
Hector,Navarro,Masculino,38,hector@mailcom,123,Colombia,Meta,medellin
Paola,Vega,Femenino,24,paola@mail.com,123,Colombia,Meta,bogota
Julian,Cardenas,Masculino,31,julian@mail.com,123,Colombia,Meta,cali
Tatiana,,F,22,tatiana@mail.com,123,Colombia,Meta,medellin
Sebastian,Mejia,Masculino,27,sebastian@mail,123,Colombia,Meta,bogota
Diana,Peña,Femenino,35,diana@mail.com,123,Colombia,Meta,cali
Fernando,Quintero,Masculino,42,fernando@mail.com,123,Colombia,Meta,medellin
Carolina,Restrepo,Femenino,28,carolina@mail.com,123,Colombia,Meta,bogota
Alvaro,Salazar,Masculino,33,alvaro@mail.com,123,Colombia,Meta,cali
Monica,Uribe,Femenino,26,monica@mail.com,123,Colombia,Meta,medellin
Esteban,Zapata,Masculino,39,esteban@mail,123,Colombia,Meta,bogota
Claudia,,F,-7,claudia@mail.com,123,Colombia,Meta,cali
Mauricio,Bermudez,Masculino,48,mauricio@mail.com,123,Colombia,Meta,medellin
Adriana,Cano,Femenino,21,adriana@mail.com,123,Colombia,Meta,bogota
Roberto,Delgado,Masculino,36,roberto@mail.com,123,Colombia,Meta,cali
Patricia,Escobar,Femenino,29,patricia@mail.com,123,Colombia,Meta,medellin
Victor,Fajardo,Masculino,150,victor@mail.com,123,Colombia,Meta,bogota
Liliana,Garcia,Femenino,24,liliana@mail.com,123,Colombia,Meta,cali
Rafael,Hernandez,Masculino,41,rafael@mail.com,123,Colombia,Meta,medellin
Yolanda,Ibarra,Femenino,27,yolanda@mail.com,123,Colombia,Meta,bogota
Javier,Jimenez,Masculino,34,javier@mail,123,Colombia,Meta,cali
Karen,Lozano,F,22,karen@mail.com,123,Colombia,Meta,medellin
Leonardo,,Masculino,-4,leonardo@mail.com,123,Colombia,Meta,bogota
Marcela,Mora,Femenino,30,marcela@mail.com,123,Colombia,Meta,cali
Nicolas,Naranjo,Masculino,25,nicolas@mail.com,123,Colombia,Meta,medellin
Olga,Ocampo,Femenino,28,olga@mail.com,123,Colombia,Meta,bogota
Pablo,Pineda,Masculino,45,pablo@mail.com,123,Colombia,Meta,cali
Quintina,Quiroga,Femenino,120,quintina@mail.com,123,Colombia,Meta,medellin
Raul,Rendon,Masculino,32,raul@mail.com,123,Colombia,Meta,bogota
Sandra,,F,19,sandramail.com,123,Colombia,Meta,cali
Tomas,Tovar,Masculino,36,tomas@mail.com,123,Colombia,Meta,medellin
Ursula,Ulloa,Femenino,23,ursula@mail,123,Colombia,Meta,bogota
Victor,Valencia,Masculino,39,victor@mail.com,123,Colombia,Meta,cali
Wendy,Wilches,Femenino,26,wendy@mail.com,123,Colombia,Meta,medellin
Ximena,Xiques,F,21,ximena@mail.com,123,Colombia,Meta,bogota
Yesid,Yanez,Masculino,-6,yesid@mail.com,123,Colombia,Meta,cali
Zulma,Zarate,Femenino,33,zulma@mail.com,123,Colombia,Meta,medellin
Amparo,,F,20,amparo@mail.com,123,Colombia,Meta,bogota
Brayan,Bautista,Masculino,31,brayan@mail,123,Colombia,Meta,cali
Cesar,Cifuentes,Masculino,44,cesar@mail.com,123,Colombia,Meta,medellin
Doris,Duarte,Femenino,27,doris@mail.com,123,Colombia,Meta,bogota
Edgar,Espitia,Masculino,150,edgar@mail.com,123,Colombia,Meta,cali
Fanny,Florez,Femenino,24,fanny@mail.com,123,Colombia,Meta,medellin
Gustavo,Gaitan,Masculino,38,gustavo@mail.com,123,Colombia,Meta,bogota
Helena,,F,-3,helenamail.com,123,Colombia,Meta,cali
Ivan,Iriarte,Masculino,29,ivan@mail.com,123,Colombia,Meta,medellin
Jenny,Joya,Femenino,21,jenny@mail,123,Colombia,Meta,bogota
Kevin,Klinger,Masculino,35,kevin@mail.com,123,Colombia,Meta,cali
Luz,Lemus,Femenino,22,luz@mail.com,123,Colombia,Meta,medellin
Mario,Maldonado,Masculino,41,mario@mail.com,123,Colombia,Meta,bogota
Norma,Nieto,Femenino,28,norma@mail.com,123,Colombia,Meta,cali
Orlando,Ospina,Masculino,36,orlando@mail.com,123,Colombia,Meta,medellin
Paola,,F,19,paola@mail.com,123,Colombia,Meta,bogota
Ricardo,Rico,Masculino,33,ricardo@mail,123,Colombia,Meta,cali
Sara,Soto,Femenino,26,sara@mail.com,123,Colombia,Meta,medellin
Tania,Triana,Femenino,23,tania@mail.com,123,Colombia,Meta,bogota
Ulises,Urbina,Masculino,120,ulises@mail.com,123,Colombia,Meta,cali
Vanessa,Vivas,F,25,vanessa@mail.com,123,Colombia,Meta,medellin
William,Wong,Masculino,37,william@mail.com,123,Colombia,Meta,bogota
Xavier,,Masculino,-8,xaviermail.com,123,Colombia,Meta,cali
Yuri,Yela,Femenino,29,yuri@mail.com,123,Colombia,Meta,medellin
Zaid,Zapata,Masculino,34,zaid@mail.com,123,Colombia,Meta,bogota
Mateo,Gomez,masculino,28,mateo.g@mail.com,123,Colombia,Valle,cali
Sofia,,femenino,35,sofi@mail.com,123,Colombia,Antioquia,medellin
Lucas,Perez,M,-15,lucasperez.com,123,Colombia,Cundinamarca,bogota
Carmen,Ruiz,F,105,carmen@mail,123,Colombia,Atlantico,barranquilla
David,Lujan,Masculino,42,david@mail.com,12,Colombia,Santander,bucaramanga
Elena,,Femenino,-2,elena@mail.com,123,Colombia,Tolima,ibague
Samuel,Rojas,M,19,samuelmail.com,123,Colombia,Boyaca,tunja
Isabel,,femenino,22,isabel@mail.com,123,Colombia,Risaralda,pereira
Gabriel,Vargas,masculino,200,gabo@mail,123,Colombia,Magdalena,santamarta
Valeria,Marin,F,30,valeria@mail.com,ab,Colombia,Cauca,popayan
Tomas,Giraldo,Masculino,55,tomas@mail.com,123,Colombia,Huila,neiva